Category,Title,"Price (EUR, from)","Price (USD, from)",In Stock,Product URL,Image URL
Fleurs CBD,Pack Découverte 5 Fleurs 🌿,17.45 €,$19.89,Yes,https://mamakana.com/products/pack-decouverte-cbd,https://mamakana.com/cdn/shop/files/fondPackDec_5572ee71-cd5c-4e7e-ade6-f029ac41631b.png?v=1741856010&width=533
Fleurs CBD,Pack Découverte Royal 🌿🍫,17.45 €,$19.89,Yes,https://mamakana.com/products/pack-decouverte-cbd-royal,https://mamakana.com/cdn/shop/files/pack_decouverte_royal_d6200d20-4c4c-4382-be2b-1f35d616cdf7.png?v=1785490869&width=533
Fleurs CBD,Pack découverte 4 Pre-rolls CBD 🧘,7.45 €,$8.49,Yes,https://mamakana.com/products/pack-decouverte-pre-roll-cbd,https://mamakana.com/cdn/shop/files/magnific_place-lobjet-principal-de_3009540761.png?v=1779203843&width=533
Fleurs CBD,Lemon CBD Small Buds 🍋,0.39 €,$0.44,Yes,https://mamakana.com/products/lemon-cbd-small-buds,https://mamakana.com/cdn/shop/files/PTlemon_fond.png?v=1742398860&width=533
Fleurs CBD,Trim CBD 🧉 [Sous-serre],0.14 €,$0.16,Yes,https://mamakana.com/products/trim-cbd,https://mamakana.com/cdn/shop/files/TrimCBD_1_62bc19c6-8b2f-416e-aa10-70da357ae351.jpg?v=1720017738&width=533
Fleurs CBD,Watermelon CBD 🍉 [Extérieur],0.19 €,$0.22,Yes,https://mamakana.com/products/watermelon-cbd-exterieur,https://mamakana.com/cdn/shop/files/MAMAKANA_WATERMELON.jpg?v=1786001885&width=533
Fleurs CBD,Cookie Kush CBD Small Buds 🍪,0.39 €,$0.44,Yes,https://mamakana.com/products/cookie-kush-cbd-small-buds,https://mamakana.com/cdn/shop/files/DSC02630f.jpg?v=1707499457&width=533
Fleurs CBD,OG Kush CBD Small Buds 👮,0.39 €,$0.44,Yes,https://mamakana.com/products/og-kush-cbd-small-buds,https://mamakana.com/cdn/shop/files/PTOGKush_fond_b3aef42c-814f-4847-9d3d-9674d5b144ca.png?v=1742546460&width=533
Fleurs CBD,Popcorn CBD - Special 🍿,0.39 €,$0.44,Yes,https://mamakana.com/products/popcorn-cbd,https://mamakana.com/cdn/shop/files/Popcorn_fond.png?v=1742825389&width=533
Fleurs CBD,La Tambouille de Mama 🥘,0.74 €,$0.84,Yes,https://mamakana.com/products/la-tambouille-de-mama-cbd,https://mamakana.com/cdn/shop/files/Tambouille.jpg?v=1683038157&width=533
Fleurs CBD,White Widow CBD Small Buds 🕸️,0.79 €,$0.90,Yes,https://mamakana.com/products/white-widow-cbd-small-buds,https://mamakana.com/cdn/shop/files/White_Widow_CBD_Int_rieur_sur_un_fond_color.jpg?v=1779885104&width=533
Fleurs CBD,Lemon CBD 🍋 [Sous-serre],0.79 €,$0.90,Yes,https://mamakana.com/products/lemon-cbd,https://mamakana.com/cdn/shop/files/Lemon-fond.png?v=1749457913&width=533
Fleurs CBD,Northern Lights CBD ✨ [Sous-serre],0.79 €,$0.90,Yes,https://mamakana.com/products/northern-lights-cbd,https://mamakana.com/cdn/shop/files/DSC04890copie.jpg?v=1718712216&width=533
Fleurs CBD,Orange Bud CBD 🍊 [Sous-serre],0.79 €,$0.90,Yes,https://mamakana.com/products/orange-bud-cbd,https://mamakana.com/cdn/shop/files/Orange-fond_53e39fe0-bfc9-458a-a72d-ecb453de32d4.png?v=1758111879&width=533
Fleurs CBD,OG Kush CBD 👮 [Sous-serre],0.79 €,$0.90,Yes,https://mamakana.com/products/og-kush-cbd,https://mamakana.com/cdn/shop/files/OGKush_fond.png?v=1742805321&width=533
Fleurs CBD,Banana Cream CBG 🍌 [Sous-serre],0.79 €,$0.90,Yes,https://mamakana.com/products/banana-cream-sous-serre,https://mamakana.com/cdn/shop/files/banana.jpg?v=1683038126&width=533
Fleurs CBD,Jack Herer CBD 🧔🏻 [Sous-serre],0.79 €,$0.90,Yes,https://mamakana.com/products/jack-herer-cbd,https://mamakana.com/cdn/shop/files/jack_fondMama.png?v=1731488279&width=533
Fleurs CBD,Harlequin CBD 🤡 [Sous-serre],0.89 €,$1.01,Yes,https://mamakana.com/products/harlequin-cbd-sous-serre,https://mamakana.com/cdn/shop/files/harlequin_fond.png?v=1739800776&width=533
Fleurs CBD,Black Diamond CBD 💎 [Greenhouse],1.09 €,$1.24,Yes,https://mamakana.com/products/black-diamond-greenhouse,https://mamakana.com/cdn/shop/files/black_diamond_mama.png?v=1779284052&width=533
Fleurs CBD,Grapefruit CBD 🟠 [Greenhouse],1.09 €,$1.24,Yes,https://mamakana.com/products/grapefruit-greenhouse,https://mamakana.com/cdn/shop/files/grappefruit.png?v=1779285292&width=533
Fleurs CBD,Cheesecake CBD 🍰 [Intérieur],1.09 €,$1.24,Yes,https://mamakana.com/products/cheesecake-cbd,https://mamakana.com/cdn/shop/files/cheesecake-fond.png?v=1749469480&width=533
Fleurs CBD,Ice Rock CBD 🧊 [Intérieur],1.09 €,$1.24,Yes,https://mamakana.com/products/ice-rock-resine-cbd,https://mamakana.com/cdn/shop/files/IceRock_fond.png?v=1734361617&width=533
Fleurs CBD,MoonRock CBD 🌑 [Intérieur],1.09 €,$1.24,Yes,https://mamakana.com/products/moonrock-cbd,https://mamakana.com/cdn/shop/files/FONDMOONROCK_mamaK_2fdca504-3200-4892-b808-4450311ab5d6.png?v=1728553930&width=533
Fleurs CBD,Pineapple Express CBD 🍍 [Intérieur],1.09 €,$1.24,Yes,https://mamakana.com/products/pineapple-express-cbd-interieur,https://mamakana.com/cdn/shop/files/Pineapple_Express_1.jpg?v=1683037969&width=533
Fleurs CBD,Strawberry CBD 🍓 [Intérieur],1.09 €,$1.24,Yes,https://mamakana.com/products/strawberry-cbd,https://mamakana.com/cdn/shop/files/strawberry-fond.png?v=1747123666&width=533
Fleurs CBD,White Widow CBD 🕸 [Intérieur],1.09 €,$1.24,Yes,https://mamakana.com/products/white-widow-cbd,https://mamakana.com/cdn/shop/files/White_Widow_CBD_Int_rieur_sur_un_fond_color.jpg?v=1779885104&width=533
Fleurs CBD,Alien Kush CBD 🧟‍♂️ [Hydroponique],2.09 €,$2.38,Yes,https://mamakana.com/products/alien-kush-cbd-%EF%B8%8F-hydroponique,https://mamakana.com/cdn/shop/files/alienn_MAMA.png?v=1775640806&width=533
Fleurs CBD,Amnesia CBD 🌌 [Hydroponique],2.09 €,$2.38,Yes,https://mamakana.com/products/amnesia-cbd-hydroponique,https://mamakana.com/cdn/shop/files/amne_2.0.png?v=1782470021&width=533
Fleurs CBD,Blue Dream CBD 🌌 [Hydroponique],2.09 €,$2.38,Yes,https://mamakana.com/products/blue-dream-cbd,https://mamakana.com/cdn/shop/files/bluedream-fond.png?v=1757427693&width=533
Fleurs CBD,Kryptonite CBD 💎 [Hydroponique],2.09 €,$2.38,Yes,https://mamakana.com/products/kryptonite-cbd,https://mamakana.com/cdn/shop/files/Kryptonite.png?v=1713355997&width=533
Fleurs CBD,L.A Cali CBD 🐻 [Hydroponique],2.09 €,$2.38,Yes,https://mamakana.com/products/l-a-cali-cbd-hydroponique,https://mamakana.com/cdn/shop/files/LACALI.png?v=1713354376&width=533
Fleurs CBD,Mandarine CBD ☀️ [Hydroponique],2.09 €,$2.38,Yes,https://mamakana.com/products/mandarine-cbd,https://mamakana.com/cdn/shop/files/mandarine_fond.png?v=1737734937&width=533
Fleurs CBD,Mango Haze CBD 🥭 [Hydroponique],2.09 €,$2.38,Yes,https://mamakana.com/products/mango-haze-cbd,https://mamakana.com/cdn/shop/files/mango_MAMA.png?v=1775640987&width=533
Fleurs CBD,Plutonium ☢️ [Hydroponique],2.09 €,$2.38,Yes,https://mamakana.com/products/plutonium-hydroponique,https://mamakana.com/cdn/shop/files/pluto-fond.png?v=1752061487&width=533
Fleurs CBD,Blueberry Muffin CBD 🫐 [Greenhouse],1.09 €,$1.24,No,https://mamakana.com/products/blueberry-muffin-sous-serre,https://mamakana.com/cdn/shop/files/2_bc1488d7-ae45-46c9-943a-a7b4796984fa.png?v=1779279594&width=533
Fleurs CBD,Purple Haze CBD Small Buds 🟣,0.39 €,$0.44,No,https://mamakana.com/products/purple-haze-cbd-small-buds,https://mamakana.com/cdn/shop/files/purple_haze_cbd.png?v=1787647770&width=533
Fleurs CBD,Amnesia CBD Small Buds 🌌,0.79 €,$0.90,No,https://mamakana.com/products/amnesia-cbd-small-buds,https://mamakana.com/cdn/shop/files/amnesia_smallbud.png?v=1774003348&width=533
Fleurs CBD,Cookie Kush CBD 🍪 [Intérieur],1.09 €,$1.24,No,https://mamakana.com/products/cookie-kush-cbd,https://mamakana.com/cdn/shop/files/cookie-fond.png?v=1755786380&width=533
Fleurs CBD,Tropical Haze CBD 🌴 [Intérieur],1.09 €,$1.24,No,https://mamakana.com/products/tropical-haze-cbd,https://mamakana.com/cdn/shop/files/TropicalHaze-fond.png?v=1747216446&width=533
Fleurs CBD,Banana CBG Small Buds 🍌,0.39 €,$0.44,No,https://mamakana.com/products/banana-cbg-small-buds-%F0%9F%8D%8C,https://mamakana.com/cdn/shop/files/PTbanana-fond.png?v=1755086934&width=533
Fleurs CBD,Cheese CBD Small Buds 🧀,0.39 €,$0.44,No,https://mamakana.com/products/cheese-cbd-small-buds-%F0%9F%A7%80,https://mamakana.com/cdn/shop/files/PTCHeese-fond.png?v=1756112295&width=533
Fleurs CBD,Strawberry CBD Small Buds 🍓,0.39 €,$0.44,No,https://mamakana.com/products/strawberry-cbd-small-buds,https://mamakana.com/cdn/shop/files/PTStraw_fond_581e49a4-13d3-4881-928b-9cc3deb26ca8.png?v=1742398833&width=533
Fleurs CBD,Super Skunk CBD Small Buds 🦨,0.49 €,$0.56,No,https://mamakana.com/products/super-skunk-cbd-small-buds,https://mamakana.com/cdn/shop/files/PTsuperskunk_fond.png?v=1742399271&width=533
Fleurs CBD,Tropical Haze CBD Small Buds🌴,0.39 €,$0.44,No,https://mamakana.com/products/tropical-haze-cbd-small-buds,https://mamakana.com/cdn/shop/files/PtTropical-fond-2.png?v=1747830519&width=533
Fleurs CBD,Wedding Cake CBD Small Buds 🍰,0.39 €,$0.44,No,https://mamakana.com/products/wedding-cake-cbd-small-buds,https://mamakana.com/cdn/shop/files/1_014afbb4-0328-4949-b4ca-dded0000164e.png?v=1765962336&width=533
Fleurs CBD,Wedding Cake CBD 🍰 [intérieur],1.09 €,$1.24,No,https://mamakana.com/products/wedding-cake-interieur,https://mamakana.com/cdn/shop/files/WeddingCake_fond.png?v=1734537509&width=533
Fleurs CBD,Hawaiian CBD Small Buds 🌴,0.39 €,$0.44,No,https://mamakana.com/products/hawaiian-cbd-small-buds,https://mamakana.com/cdn/shop/files/pthawaiian-fond.png?v=1747741302&width=533
Fleurs CBD,Rainbow Runtz CBD 🌈 [Intérieur],1.09 €,$1.24,No,https://mamakana.com/products/rainbow-runtz-cbd-interieur,https://mamakana.com/cdn/shop/files/Rainbow_fond.png?v=1736516217&width=533
